{"base_lr": 8.354607768469158e-05, "lr": 8.354607768469158e-05, "data_time": 0.01071310043334961, "loss": 3.743436169624329, "time": 0.49666895866394045, "epoch": 1, "iter": 100, "memory": 16595, "step": 100}
{"base_lr": 0.00016470373191165274, "lr": 0.00016470373191165274, "data_time": 0.00831763744354248, "loss": 3.7328299045562745, "time": 0.4830263614654541, "epoch": 1, "iter": 200, "memory": 16595, "step": 200}
{"base_lr": 0.00024586138613861414, "lr": 0.00024586138613861414, "data_time": 0.005731058120727539, "loss": 3.5988338947296143, "time": 0.4893385887145996, "epoch": 1, "iter": 300, "memory": 16595, "step": 300}
{"accuracy/top1": 2.4285714626312256, "accuracy/top5": 10.904762268066406, "data_time": 0.010184952707001657, "time": 0.153725190596147, "step": 1}
{"base_lr": 0.00040330723533891816, "lr": 0.00040330723533891816, "data_time": 0.002760577201843262, "loss": 3.5903465032577513, "time": 0.44516470432281496, "epoch": 2, "iter": 494, "memory": 16595, "step": 494}
{"base_lr": 0.00048446488956587895, "lr": 0.00048446488956587895, "data_time": 0.002832460403442383, "loss": 3.6488877058029177, "time": 0.443849515914917, "epoch": 2, "iter": 594, "memory": 16595, "step": 594}
{"base_lr": 0.0005656225437928395, "lr": 0.0005656225437928395, "data_time": 0.0028542280197143555, "loss": 3.6284624099731446, "time": 0.43106224536895754, "epoch": 2, "iter": 694, "memory": 16595, "step": 694}
{"accuracy/top1": 2.222222328186035, "accuracy/top5": 11.111111640930176, "data_time": 0.0020836758613586425, "time": 0.1262994623184204, "step": 2}
{"base_lr": 0.0007230683929931428, "lr": 0.0007230683929931428, "data_time": 0.0032217741012573243, "loss": 3.564706587791443, "time": 0.44229731559753416, "epoch": 3, "iter": 888, "memory": 16595, "step": 888}
{"base_lr": 0.0008042260472201027, "lr": 0.0008042260472201027, "data_time": 0.003115129470825195, "loss": 3.5777516841888426, "time": 0.4434725046157837, "epoch": 3, "iter": 988, "memory": 16595, "step": 988}
{"base_lr": 0.0008853837014470632, "lr": 0.0008853837014470632, "data_time": 0.00332183837890625, "loss": 3.4907060623168946, "time": 0.44732511043548584, "epoch": 3, "iter": 1088, "memory": 16595, "step": 1088}
{"accuracy/top1": 2.222222328186035, "accuracy/top5": 11.111111640930176, "data_time": 0.001978142261505127, "time": 0.12778895139694213, "step": 3}
{"base_lr": 0.0010428295506473672, "lr": 0.0010428295506473672, "data_time": 0.002848029136657715, "loss": 3.3180355787277223, "time": 0.44359147548675537, "epoch": 4, "iter": 1282, "memory": 16595, "step": 1282}
{"base_lr": 0.0011239872048743262, "lr": 0.0011239872048743262, "data_time": 0.002984929084777832, "loss": 3.2615747451782227, "time": 0.4434612035751343, "epoch": 4, "iter": 1382, "memory": 16595, "step": 1382}
{"base_lr": 0.0012051448591012875, "lr": 0.0012051448591012875, "data_time": 0.00308382511138916, "loss": 3.3398056507110594, "time": 0.44417808055877683, "epoch": 4, "iter": 1482, "memory": 16595, "step": 1482}
{"accuracy/top1": 2.222222328186035, "accuracy/top5": 11.111111640930176, "data_time": 0.002012069225311279, "time": 0.12729904890060426, "step": 4}
{"base_lr": 0.0013625907083015918, "lr": 0.0013625907083015918, "data_time": 0.0031679391860961912, "loss": 3.3042644023895265, "time": 0.44368321895599366, "epoch": 5, "iter": 1676, "memory": 16595, "step": 1676}
{"base_lr": 0.0014437483625285535, "lr": 0.0014437483625285535, "data_time": 0.002927684783935547, "loss": 3.196062445640564, "time": 0.4411452293395996, "epoch": 5, "iter": 1776, "memory": 16595, "step": 1776}
{"base_lr": 0.0015249060167555162, "lr": 0.0015249060167555162, "data_time": 0.004312252998352051, "loss": 3.1352484464645385, "time": 0.4459277868270874, "epoch": 5, "iter": 1876, "memory": 16595, "step": 1876}
{"accuracy/top1": 2.222222328186035, "accuracy/top5": 11.111111640930176, "data_time": 0.0021839189529418946, "time": 0.13124762535095214, "step": 5}
{"base_lr": 0.001682351865955825, "lr": 0.001682351865955825, "data_time": 0.004445838928222656, "loss": 3.272757363319397, "time": 0.4496959447860718, "epoch": 6, "iter": 2070, "memory": 16595, "step": 2070}
{"base_lr": 0.0017635095201827872, "lr": 0.0017635095201827872, "data_time": 0.0037804841995239258, "loss": 3.31164665222168, "time": 0.4502577781677246, "epoch": 6, "iter": 2170, "memory": 16595, "step": 2170}
{"base_lr": 0.00184466717440975, "lr": 0.00184466717440975, "data_time": 0.003082084655761719, "loss": 3.201355743408203, "time": 0.447477126121521, "epoch": 6, "iter": 2270, "memory": 16595, "step": 2270}
