{"base_lr": 5.420992511740065e-05, "lr": 5.420992511740065e-05, "data_time": 0.00256807804107666, "loss": 3.706828498840332, "time": 0.3389396667480469, "epoch": 1, "iter": 100, "memory": 10946, "step": 100}
