{"base_lr": 1.32410292204702e-05, "lr": 1.32410292204702e-05, "data_time": 0.0032577991485595705, "loss": 3.8275677442550657, "time": 0.4265047550201416, "epoch": 1, "iter": 100, "memory": 12692, "step": 100}
