{"base_lr": 8.354607768469158e-05, "lr": 8.354607768469158e-05, "data_time": 0.006274771690368652, "loss": 3.743506932258606, "time": 0.4778368711471558, "epoch": 1, "iter": 100, "memory": 16595, "step": 100}
{"base_lr": 0.00016470373191165274, "lr": 0.00016470373191165274, "data_time": 0.004351091384887695, "loss": 3.732214021682739, "time": 0.48135526180267335, "epoch": 1, "iter": 200, "memory": 16595, "step": 200}
{"base_lr": 0.00024586138613861414, "lr": 0.00024586138613861414, "data_time": 0.006074953079223633, "loss": 3.5995121002197266, "time": 0.4909872055053711, "epoch": 1, "iter": 300, "memory": 16595, "step": 300}
{"accuracy/top1": 2.7936508655548096, "accuracy/top5": 11.206350326538086, "data_time": 0.008319642808702257, "time": 0.14127718077765572, "step": 1}
{"base_lr": 0.00040330723533891816, "lr": 0.00040330723533891816, "data_time": 0.007805347442626953, "loss": 3.5852351903915407, "time": 0.48452248573303225, "epoch": 2, "iter": 494, "memory": 16595, "step": 494}
{"base_lr": 0.00048446488956587895, "lr": 0.00048446488956587895, "data_time": 0.005733585357666016, "loss": 3.642906641960144, "time": 0.4796826601028442, "epoch": 2, "iter": 594, "memory": 16595, "step": 594}
{"base_lr": 0.0005656225437928395, "lr": 0.0005656225437928395, "data_time": 0.004530811309814453, "loss": 3.6279584646224974, "time": 0.47212944030761717, "epoch": 2, "iter": 694, "memory": 16595, "step": 694}
{"accuracy/top1": 2.222222328186035, "accuracy/top5": 11.09523868560791, "data_time": 0.0041102409362792965, "time": 0.13513750791549684, "step": 2}
{"base_lr": 0.0007230683929931428, "lr": 0.0007230683929931428, "data_time": 0.008608818054199219, "loss": 3.5664889097213743, "time": 0.497987699508667, "epoch": 3, "iter": 888, "memory": 16595, "step": 888}
{"base_lr": 0.0008042260472201027, "lr": 0.0008042260472201027, "data_time": 0.007851791381835938, "loss": 3.576958441734314, "time": 0.48512988090515136, "epoch": 3, "iter": 988, "memory": 16595, "step": 988}
{"base_lr": 0.0008853837014470632, "lr": 0.0008853837014470632, "data_time": 0.004482483863830567, "loss": 3.492385411262512, "time": 0.46911323070526123, "epoch": 3, "iter": 1088, "memory": 16595, "step": 1088}
{"accuracy/top1": 2.222222328186035, "accuracy/top5": 11.111111640930176, "data_time": 0.003786196708679199, "time": 0.1308651113510132, "step": 3}
{"base_lr": 0.0010428295506473672, "lr": 0.0010428295506473672, "data_time": 0.007482838630676269, "loss": 3.3007028341293334, "time": 0.49295337200164796, "epoch": 4, "iter": 1282, "memory": 16595, "step": 1282}
{"base_lr": 0.0011239872048743262, "lr": 0.0011239872048743262, "data_time": 0.008639192581176758, "loss": 3.2477302312850953, "time": 0.4821941375732422, "epoch": 4, "iter": 1382, "memory": 16595, "step": 1382}
{"base_lr": 0.0012051448591012875, "lr": 0.0012051448591012875, "data_time": 0.005894756317138672, "loss": 3.3527189016342165, "time": 0.47911598682403567, "epoch": 4, "iter": 1482, "memory": 16595, "step": 1482}
{"accuracy/top1": 2.222222328186035, "accuracy/top5": 11.111111640930176, "data_time": 0.004011228084564209, "time": 0.13262785196304322, "step": 4}
{"base_lr": 0.0013625907083015918, "lr": 0.0013625907083015918, "data_time": 0.007090044021606445, "loss": 3.291711759567261, "time": 0.481650185585022, "epoch": 5, "iter": 1676, "memory": 16595, "step": 1676}
{"base_lr": 0.0014437483625285535, "lr": 0.0014437483625285535, "data_time": 0.0045904874801635746, "loss": 3.2069092988967896, "time": 0.48826935291290285, "epoch": 5, "iter": 1776, "memory": 16595, "step": 1776}
{"base_lr": 0.0015249060167555162, "lr": 0.0015249060167555162, "data_time": 0.0042873859405517575, "loss": 3.1383461713790894, "time": 0.47397987842559813, "epoch": 5, "iter": 1876, "memory": 16595, "step": 1876}
{"accuracy/top1": 2.222222328186035, "accuracy/top5": 11.111111640930176, "data_time": 0.004286439418792725, "time": 0.13185271978378296, "step": 5}
{"base_lr": 0.001682351865955825, "lr": 0.001682351865955825, "data_time": 0.006674051284790039, "loss": 3.2727339029312135, "time": 0.4840195655822754, "epoch": 6, "iter": 2070, "memory": 16595, "step": 2070}
{"base_lr": 0.0017635095201827872, "lr": 0.0017635095201827872, "data_time": 0.005740642547607422, "loss": 3.328677439689636, "time": 0.47526161670684813, "epoch": 6, "iter": 2170, "memory": 16595, "step": 2170}
{"base_lr": 0.00184466717440975, "lr": 0.00184466717440975, "data_time": 0.007329416275024414, "loss": 3.19066903591156, "time": 0.47753372192382815, "epoch": 6, "iter": 2270, "memory": 16595, "step": 2270}
{"accuracy/top1": 2.222222328186035, "accuracy/top5": 11.111111640930176, "data_time": 0.004758095741271973, "time": 0.13395728349685668, "step": 6}
{"base_lr": 0.0020021130236100543, "lr": 0.0020021130236100543, "data_time": 0.011319255828857422, "loss": 3.1789325952529905, "time": 0.47651607990264894, "epoch": 7, "iter": 2464, "memory": 16595, "step": 2464}
{"base_lr": 0.002083270677837017, "lr": 0.002083270677837017, "data_time": 0.009045290946960449, "loss": 3.1642631769180296, "time": 0.4989556550979614, "epoch": 7, "iter": 2564, "memory": 16595, "step": 2564}
{"base_lr": 0.0021644283320639774, "lr": 0.0021644283320639774, "data_time": 0.007114958763122558, "loss": 3.2740150690078735, "time": 0.47089850902557373, "epoch": 7, "iter": 2664, "memory": 16595, "step": 2664}
{"accuracy/top1": 2.222222328186035, "accuracy/top5": 11.111111640930176, "data_time": 0.004371943473815918, "time": 0.13197942495346068, "step": 7}
{"base_lr": 0.0023218741812642825, "lr": 0.0023218741812642825, "data_time": 0.008470296859741211, "loss": 2.916767191886902, "time": 0.4941861152648926, "epoch": 8, "iter": 2858, "memory": 16595, "step": 2858}
{"base_lr": 0.002403031835491243, "lr": 0.002403031835491243, "data_time": 0.006794428825378418, "loss": 3.1811471939086915, "time": 0.4781677484512329, "epoch": 8, "iter": 2958, "memory": 16595, "step": 2958}
{"base_lr": 0.0024841894897182047, "lr": 0.0024841894897182047, "data_time": 0.006754779815673828, "loss": 3.0444088220596313, "time": 0.4894489049911499, "epoch": 8, "iter": 3058, "memory": 16595, "step": 3058}
{"accuracy/top1": 2.222222328186035, "accuracy/top5": 11.111111640930176, "data_time": 0.004397883415222168, "time": 0.13384070873260498, "step": 8}
{"base_lr": 0.002641635338918516, "lr": 0.002641635338918516, "data_time": 0.00604100227355957, "loss": 3.0671937227249146, "time": 0.46861188411712645, "epoch": 9, "iter": 3252, "memory": 16595, "step": 3252}
{"base_lr": 0.00272279299314548, "lr": 0.00272279299314548, "data_time": 0.0041975736618041996, "loss": 3.1412597417831423, "time": 0.4722249507904053, "epoch": 9, "iter": 3352, "memory": 16595, "step": 3352}
{"base_lr": 0.002803950647372443, "lr": 0.002803950647372443, "data_time": 0.004366636276245117, "loss": 2.948722743988037, "time": 0.4674609899520874, "epoch": 9, "iter": 3452, "memory": 16595, "step": 3452}
{"accuracy/top1": 2.222222328186035, "accuracy/top5": 11.111111640930176, "data_time": 0.004504954814910889, "time": 0.13213791131973265, "step": 9}
{"base_lr": 0.0029613964965727554, "lr": 0.0029613964965727554, "data_time": 0.006431984901428223, "loss": 3.0754371881484985, "time": 0.48533627986907957, "epoch": 10, "iter": 3646, "memory": 16595, "step": 3646}
{"base_lr": 0.0030425541507997215, "lr": 0.0030425541507997215, "data_time": 0.005262851715087891, "loss": 2.9185532093048097, "time": 0.4683811187744141, "epoch": 10, "iter": 3746, "memory": 16595, "step": 3746}
{"base_lr": 0.0031237118050266863, "lr": 0.0031237118050266863, "data_time": 0.005842733383178711, "loss": 3.0198602437973023, "time": 0.4944969415664673, "epoch": 10, "iter": 3846, "memory": 16595, "step": 3846}
{"accuracy/top1": 2.222222328186035, "accuracy/top5": 11.111111640930176, "data_time": 0.003547999858856201, "time": 0.13093752145767212, "step": 10}
{"base_lr": 0.003200000000000034, "lr": 0.003200000000000034, "data_time": 0.008625984191894531, "loss": 2.929033088684082, "time": 0.4775426149368286, "epoch": 11,