{"base_lr": 5.420992511740065e-05, "lr": 5.420992511740065e-05, "data_time": 0.0023947238922119142, "loss": 3.706828498840332, "time": 0.3384584665298462, "epoch": 1, "iter": 100, "memory": 10946, "step": 100}
{"base_lr": 0.00010492702119558311, "lr": 0.00010492702119558311, "data_time": 0.0025683879852294923, "loss": 3.705393099784851, "time": 0.3426704406738281, "epoch": 1, "iter": 200, "memory": 10946, "step": 200}
{"base_lr": 0.0001556441172737653, "lr": 0.0001556441172737653, "data_time": 0.0029999256134033204, "loss": 3.6173229455947875, "time": 0.34281466007232664, "epoch": 1, "iter": 300, "memory": 10946, "step": 300}
{"accuracy/top1": 1.6349207162857056, "accuracy/top5": 11.142857551574707, "data_time": 0.0061065404102055715, "time": 0.1030316184265445, "step": 1}
{"base_lr": 0.00025403528366543896, "lr": 0.00025403528366543896, "data_time": 0.0026816368103027345, "loss": 3.540796899795532, "time": 0.34404935836791994, "epoch": 2, "iter": 494, "memory": 10946, "step": 494}
{"base_lr": 0.0003047523797436209, "lr": 0.0003047523797436209, "data_time": 0.0023903846740722656, "loss": 3.5511823177337645, "time": 0.34666473865509034, "epoch": 2, "iter": 594, "memory": 10946, "step": 594}
{"base_lr": 0.0003554694758218035, "lr": 0.0003554694758218035, "data_time": 0.002550029754638672, "loss": 3.540210556983948, "time": 0.342694616317749, "epoch": 2, "iter": 694, "memory": 10946, "step": 694}
{"accuracy/top1": 2.222222328186035, "accuracy/top5": 11.460318565368652, "data_time": 0.0018373513221740722, "time": 0.09612027883529663, "step": 2}
{"base_lr": 0.0004538606422134768, "lr": 0.0004538606422134768, "data_time": 0.003047347068786621, "loss": 3.503607678413391, "time": 0.3438634157180786, "epoch": 3, "iter": 888, "memory": 10946, "step": 888}
{"base_lr": 0.0005045777382916587, "lr": 0.0005045777382916587, "data_time": 0.0029993534088134767, "loss": 3.489818549156189, "time": 0.35193798542022703, "epoch": 3, "iter": 988, "memory": 10946, "step": 988}
{"base_lr": 0.0005552948343698407, "lr": 0.0005552948343698407, "data_time": 0.0032762527465820313, "loss": 3.3904038667678833, "time": 0.3459521532058716, "epoch": 3, "iter": 1088, "memory": 10946, "step": 1088}
{"accuracy/top1": 2.222222328186035, "accuracy/top5": 11.111111640930176, "data_time": 0.0016705799102783203, "time": 0.09509182214736939, "step": 3}
{"base_lr": 0.0006536860007615121, "lr": 0.0006536860007615121, "data_time": 0.0025716304779052736, "loss": 3.226147675514221, "time": 0.3427813768386841, "epoch": 4, "iter": 1282, "memory": 10946, "step": 1282}
{"base_lr": 0.0007044030968396934, "lr": 0.0007044030968396934, "data_time": 0.002456378936767578, "loss": 3.1773770093917846, "time": 0.3431195020675659, "epoch": 4, "iter": 1382, "memory": 10946, "step": 1382}
{"base_lr": 0.000755120192917874, "lr": 0.000755120192917874, "data_time": 0.0025263071060180665, "loss": 3.2957642555236815, "time": 0.35137722492218015, "epoch": 4, "iter": 1482, "memory": 10946, "step": 1482}
{"accuracy/top1": 2.222222328186035, "accuracy/top5": 11.111111640930176, "data_time": 0.001672055721282959, "time": 0.09433522701263428, "step": 4}
{"base_lr": 0.0008535113593095451, "lr": 0.0008535113593095451, "data_time": 0.0028233766555786134, "loss": 3.1538328647613527, "time": 0.3397302389144897, "epoch": 5, "iter": 1676, "memory": 10946, "step": 1676}
{"base_lr": 0.0009042284553877266, "lr": 0.0009042284553877266, "data_time": 0.0044688224792480465, "loss": 3.127847981452942, "time": 0.34722509384155276, "epoch": 5, "iter": 1776, "memory": 10946, "step": 1776}
{"base_lr": 0.0009549455514659085, "lr": 0.0009549455514659085, "data_time": 0.0026746034622192384, "loss": 3.0098137617111207, "time": 0.3476790189743042, "epoch": 5, "iter": 1876, "memory": 10946, "step": 1876}
{"accuracy/top1": 2.222222328186035, "accuracy/top5": 11.111111640930176, "data_time": 0.0018318963050842285, "time": 0.09538019895553589, "step": 5}
{"base_lr": 0.00105333671785758, "lr": 0.00105333671785758, "data_time": 0.0028605937957763674, "loss": 3.169674277305603, "time": 0.3409672737121582, "epoch": 6, "iter": 2070, "memory": 10946, "step": 2070}
