{"base_lr": 8.354607768469158e-05, "lr": 8.354607768469158e-05, "data_time": 0.0029198408126831056, "loss": 3.743529224395752, "time": 0.4482537269592285, "epoch": 1, "iter": 100, "memory": 16595, "step": 100}
{"base_lr": 0.00016470373191165274, "lr": 0.00016470373191165274, "data_time": 0.002969098091125488, "loss": 3.7329179286956786, "time": 0.44881036281585696, "epoch": 1, "iter": 200, "memory": 16595, "step": 200}
{"base_lr": 0.00024586138613861414, "lr": 0.00024586138613861414, "data_time": 0.002799391746520996, "loss": 3.5983142137527464, "time": 0.44857709407806395, "epoch": 1, "iter": 300, "memory": 16595, "step": 300}
{"accuracy/top1": 2.8412699699401855, "accuracy/top5": 11.460318565368652, "data_time": 0.005253635271631106, "time": 0.137587060832014, "step": 1}
{"base_lr": 0.00040330723533891816, "lr": 0.00040330723533891816, "data_time": 0.0028166770935058594, "loss": 3.588207960128784, "time": 0.4492377996444702, "epoch": 2, "iter": 494, "memory": 16595, "step": 494}
{"base_lr": 0.00048446488956587895, "lr": 0.00048446488956587895, "data_time": 0.0030194759368896485, "loss": 3.6442737579345703, "time": 0.44604604244232177, "epoch": 2, "iter": 594, "memory": 16595, "step": 594}
{"base_lr": 0.0005656225437928395, "lr": 0.0005656225437928395, "data_time": 0.0029139041900634764, "loss": 3.6262045383453367, "time": 0.44772326946258545, "epoch": 2, "iter": 694, "memory": 16595, "step": 694}
{"accuracy/top1": 2.1269843578338623, "accuracy/top5": 11.111111640930176, "data_time": 0.0017441821098327637, "time": 0.1309715747833252, "step": 2}
{"base_lr": 0.0007230683929931428, "lr": 0.0007230683929931428, "data_time": 0.002878737449645996, "loss": 3.5751397371292115, "time": 0.4626126527786255, "epoch": 3, "iter": 888, "memory": 16595, "step": 888}
{"base_lr": 0.0008042260472201027, "lr": 0.0008042260472201027, "data_time": 0.0041266679763793945, "loss": 3.5693355083465574, "time": 0.45346643924713137, "epoch": 3, "iter": 988, "memory": 16595, "step": 988}
{"base_lr": 0.0008853837014470632, "lr": 0.0008853837014470632, "data_time": 0.0032793521881103516, "loss": 3.5032517194747923, "time": 0.4633985996246338, "epoch": 3, "iter": 1088, "memory": 16595, "step": 1088}
{"accuracy/top1": 2.222222328186035, "accuracy/top5": 11.111111640930176, "data_time": 0.0015857291221618652, "time": 0.1300055956840515, "step": 3}
{"base_lr": 0.0010428295506473672, "lr": 0.0010428295506473672, "data_time": 0.004610681533813476, "loss": 3.3232402563095094, "time": 0.4704084873199463, "epoch": 4, "iter": 1282, "memory": 16595, "step": 1282}
{"base_lr": 0.0011239872048743262, "lr": 0.0011239872048743262, "data_time": 0.0027473926544189452, "loss": 3.250791907310486, "time": 0.4511195182800293, "epoch": 4, "iter": 1382, "memory": 16595, "step": 1382}
