{"base_lr": 2.328269560251283e-05, "lr": 2.328269560251283e-05, "data_time": 0.0020068883895874023, "loss": 3.8027390956878664, "time": 0.30974664688110354, "epoch": 1, "iter": 100, "memory": 10978, "step": 100}
{"base_lr": 4.356824671616214e-05, "lr": 4.356824671616214e-05, "data_time": 0.0022804737091064453, "loss": 3.775776481628418, "time": 0.3163148880004883, "epoch": 1, "iter": 200, "memory": 10978, "step": 200}
{"base_lr": 6.385379782981151e-05, "lr": 6.385379782981151e-05, "data_time": 0.004266262054443359, "loss": 3.7382752895355225, "time": 0.3176188707351685, "epoch": 1, "iter": 300, "memory": 10978, "step": 300}
{"accuracy/top1": 2.857142925262451, "accuracy/top5": 13.460318565368652, "data_time": 0.0051536487810539475, "time": 0.10800270119098702, "step": 1}
{"base_lr": 0.00010320776699029113, "lr": 0.00010320776699029113, "data_time": 0.0022184133529663088, "loss": 3.7212286233901977, "time": 0.31688437461853025, "epoch": 2, "iter": 494, "memory": 10978, "step": 494}
{"base_lr": 0.00012349331810394045, "lr": 0.00012349331810394045, "data_time": 0.002579784393310547, "loss": 3.7547756910324095, "time": 0.3165304660797119, "epoch": 2, "iter": 594, "memory": 10978, "step": 594}
{"base_lr": 0.00014377886921758967, "lr": 0.00014377886921758967, "data_time": 0.00282440185546875, "loss": 3.7301194190979006, "time": 0.3203331470489502, "epoch": 2, "iter": 694, "memory": 10978, "step": 694}
{"accuracy/top1": 5.26984167098999, "accuracy/top5": 15.53968334197998, "data_time": 0.0020049715042114256, "time": 0.10195798873901367, "step": 2}
{"base_lr": 0.00018313283837806884, "lr": 0.00018313283837806884, "data_time": 0.0022039413452148438, "loss": 3.720280385017395, "time": 0.31452174186706544, "epoch": 3, "iter": 888, "memory": 10978, "step": 888}
{"base_lr": 0.00020341838949171812, "lr": 0.00020341838949171812, "data_time": 0.0024439811706542967, "loss": 3.738066625595093, "time": 0.3159036636352539, "epoch": 3, "iter": 988, "memory": 10978, "step": 988}
{"base_lr": 0.00022370394060536745, "lr": 0.00022370394060536745, "data_time": 0.0021315813064575195, "loss": 3.70167498588562, "time": 0.3166320323944092, "epoch": 3, "iter": 1088, "memory": 10978, "step": 1088}
{"accuracy/top1": 7.3015875816345215, "accuracy/top5": 20.238096237182617, "data_time": 0.0019284439086914061, "time": 0.10298987865447998, "step": 3}
{"base_lr": 0.0002630579097658468, "lr": 0.0002630579097658468, "data_time": 0.0021465063095092774, "loss": 3.6343136072158813, "time": 0.31588423252105713, "epoch": 4, "iter": 1282, "memory": 10978, "step": 1282}
{"base_lr": 0.00028334346087949643, "lr": 0.00028334346087949643, "data_time": 0.0029278039932250977, "loss": 3.59338264465332, "time": 0.32001404762268065, "epoch": 4, "iter": 1382, "memory": 10978, "step": 1382}
{"base_lr": 0.0003036290119931459, "lr": 0.0003036290119931459, "data_time": 0.0021404027938842773, "loss": 3.6813778638839723, "time": 0.3152743101119995, "epoch": 4, "iter": 1482, "memory": 10978, "step": 1482}
{"accuracy/top1": 8.841270446777344, "accuracy/top5": 25.888891220092773, "data_time": 0.0018459606170654298, "time": 0.1040373182296753, "step": 4}
{"base_lr": 0.00034298298115362534, "lr": 0.00034298298115362534, "data_time": 0.0023847579956054687, "loss": 3.629001832008362, "time": 0.32329754829406737, "epoch": 5, "iter": 1676, "memory": 10978, "step": 1676}
{"base_lr": 0.0003632685322672746, "lr": 0.0003632685322672746, "data_time": 0.002137422561645508, "loss": 3.613174223899841, "time": 0.32162251472473147, "epoch": 5, "iter": 1776, "memory": 10978, "step": 1776}
